-- Category 테이블 기본 데이터
INSERT INTO category (id, name) VALUES (1, '상의');
INSERT INTO category (id, name) VALUES (2, '아우터');
INSERT INTO category (id, name) VALUES (3, '바지');
INSERT INTO category (id, name) VALUES (4, '스니커즈');
INSERT INTO category (id, name) VALUES (5, '가방');
INSERT INTO category (id, name) VALUES (6, '모자');
INSERT INTO category (id, name) VALUES (7, '양말');
INSERT INTO category (id, name) VALUES (8, '액세서리');


-- Brand 테이블 기본 데이터
INSERT INTO brand (name) VALUES ('A');
INSERT INTO brand (name) VALUES ('B');
INSERT INTO brand (name) VALUES ('C');
INSERT INTO brand (name) VALUES ('D');
INSERT INTO brand (name) VALUES ('E');
INSERT INTO brand (name) VALUES ('F');
INSERT INTO brand (name) VALUES ('G');
INSERT INTO brand (name) VALUES ('H');
INSERT INTO brand (name) VALUES ('I');



-- Item 테이블 기본 데이터
INSERT INTO item (price, brand_id, category_id) VALUES (11200, 1, 1);
INSERT INTO item (price, brand_id, category_id) VALUES (5500, 1, 2);
INSERT INTO item (price, brand_id, category_id) VALUES (4200, 1, 3);
INSERT INTO item (price, brand_id, category_id) VALUES (9000, 1, 4);
INSERT INTO item (price, brand_id, category_id) VALUES (2000, 1, 5);
INSERT INTO item (price, brand_id, category_id) VALUES (1700, 1, 6);
INSERT INTO item (price, brand_id, category_id) VALUES (1800, 1, 7);
INSERT INTO item (price, brand_id, category_id) VALUES (2300, 1, 8);

INSERT INTO item (price, brand_id, category_id) VALUES (10500, 2, 1);
INSERT INTO item (price, brand_id, category_id) VALUES ( 5900, 2, 2);
INSERT INTO item (price, brand_id, category_id) VALUES ( 3800, 2, 3);
INSERT INTO item (price, brand_id, category_id) VALUES ( 9100, 2, 4);
INSERT INTO item (price, brand_id, category_id) VALUES ( 2100, 2, 5);
INSERT INTO item (price, brand_id, category_id) VALUES ( 2000, 2, 6);
INSERT INTO item (price, brand_id, category_id) VALUES ( 2000, 2, 7);
INSERT INTO item (price, brand_id, category_id) VALUES ( 2200, 2, 8);

INSERT INTO item (price, brand_id, category_id) VALUES ( 10000, 3, 1);
INSERT INTO item (price, brand_id, category_id) VALUES ( 6200, 3, 2);
INSERT INTO item (price, brand_id, category_id) VALUES ( 3300, 3, 3);
INSERT INTO item (price, brand_id, category_id) VALUES ( 9200, 3, 4);
INSERT INTO item (price, brand_id, category_id) VALUES ( 2200, 3, 5);
INSERT INTO item (price, brand_id, category_id) VALUES ( 1900, 3, 6);
INSERT INTO item (price, brand_id, category_id) VALUES ( 2200, 3, 7);
INSERT INTO item (price, brand_id, category_id) VALUES ( 2100, 3, 8);

INSERT INTO item (price, brand_id, category_id) VALUES ( 10100, 4, 1);
INSERT INTO item (price, brand_id, category_id) VALUES ( 5100, 4, 2);
INSERT INTO item (price, brand_id, category_id) VALUES ( 3000, 4, 3);
INSERT INTO item (price, brand_id, category_id) VALUES ( 9500, 4, 4);
INSERT INTO item (price, brand_id, category_id) VALUES ( 2500, 4, 5);
INSERT INTO item (price, brand_id, category_id) VALUES ( 1500, 4, 6);
INSERT INTO item (price, brand_id, category_id) VALUES ( 2400, 4, 7);
INSERT INTO item (price, brand_id, category_id) VALUES ( 2000, 4, 8);

INSERT INTO item (price, brand_id, category_id) VALUES ( 10700, 5, 1);
INSERT INTO item (price, brand_id, category_id) VALUES ( 5000, 5, 2);
INSERT INTO item (price, brand_id, category_id) VALUES ( 3800, 5, 3);
INSERT INTO item (price, brand_id, category_id) VALUES ( 9900, 5, 4);
INSERT INTO item (price, brand_id, category_id) VALUES ( 2300, 5, 5);
INSERT INTO item (price, brand_id, category_id) VALUES ( 1800, 5, 6);
INSERT INTO item (price, brand_id, category_id) VALUES ( 2100, 5, 7);
INSERT INTO item (price, brand_id, category_id) VALUES ( 2100, 5, 8);

INSERT INTO item (price, brand_id, category_id) VALUES ( 11200, 6, 1);
INSERT INTO item (price, brand_id, category_id) VALUES ( 7200, 6, 2);
INSERT INTO item (price, brand_id, category_id) VALUES ( 4000, 6, 3);
INSERT INTO item (price, brand_id, category_id) VALUES ( 9300, 6, 4);
INSERT INTO item (price, brand_id, category_id) VALUES ( 2100, 6, 5);
INSERT INTO item (price, brand_id, category_id) VALUES ( 1600, 6, 6);
INSERT INTO item (price, brand_id, category_id) VALUES ( 2300, 6, 7);
INSERT INTO item (price, brand_id, category_id) VALUES ( 1900, 6, 8);

INSERT INTO item (price, brand_id, category_id) VALUES ( 10500, 7, 1);
INSERT INTO item (price, brand_id, category_id) VALUES ( 5800, 7, 2);
INSERT INTO item (price, brand_id, category_id) VALUES ( 3900, 7, 3);
INSERT INTO item (price, brand_id, category_id) VALUES ( 9000, 7, 4);
INSERT INTO item (price, brand_id, category_id) VALUES ( 2200, 7, 5);
INSERT INTO item (price, brand_id, category_id) VALUES ( 1700, 7, 6);
INSERT INTO item (price, brand_id, category_id) VALUES ( 2100, 7, 7);
INSERT INTO item (price, brand_id, category_id) VALUES ( 2000, 7, 8);

INSERT INTO item (price, brand_id, category_id) VALUES ( 10800, 8, 1);
INSERT INTO item (price, brand_id, category_id) VALUES ( 6300, 8, 2);
INSERT INTO item (price, brand_id, category_id) VALUES ( 3100, 8, 3);
INSERT INTO item (price, brand_id, category_id) VALUES ( 9700, 8, 4);
INSERT INTO item (price, brand_id, category_id) VALUES ( 2100, 8, 5);
INSERT INTO item (price, brand_id, category_id) VALUES ( 1600, 8, 6);
INSERT INTO item (price, brand_id, category_id) VALUES ( 2000, 8, 7);
INSERT INTO item (price, brand_id, category_id) VALUES ( 2000, 8, 8);

INSERT INTO item (price, brand_id, category_id) VALUES ( 11400, 9, 1);
INSERT INTO item (price, brand_id, category_id) VALUES ( 6700, 9, 2);
INSERT INTO item (price, brand_id, category_id) VALUES ( 3200, 9, 3);
INSERT INTO item (price, brand_id, category_id) VALUES ( 9500, 9, 4);
INSERT INTO item (price, brand_id, category_id) VALUES ( 2400, 9, 5);
INSERT INTO item (price, brand_id, category_id) VALUES ( 1700, 9, 6);
INSERT INTO item (price, brand_id, category_id) VALUES ( 1700, 9, 7);
INSERT INTO item (price, brand_id, category_id) VALUES ( 2400, 9, 8);





